<?xml version="1.0" encoding="utf-8"?>
<Info>
  <LocalPlayback>
    <Chapter>
      <MP4>media/1.mp4</MP4>
      <ID>1</ID>
    </Chapter>
  </LocalPlayback>
  <ServerSetting>
    <Room></Room>
    <Company>ny</Company>
    <AM>183.90.168.38</AM>
  </ServerSetting>
  <Author>
    <Email></Email>
    <DisplayName>acl_120621_154011</DisplayName>
    <Name></Name>
    <ID></ID>
  </Author>
  <Type>0</Type>
  <Course>
    <Podcast>
      <MP4>0</MP4>
      <MP3>0</MP3>
    </Podcast>
    <Security>
      <Type>none</Type>
    </Security>
    <Date>
      <ExpireDate></ExpireDate>
      <PublishDate>2012-06-21 15:40:16</PublishDate>
      <CreateDate>2012-06-21 15:40:11</CreateDate>
    </Date>
    <Description></Description>
    <Title>acl_120621_154011</Title>
    <ID>Studio1540ebb676e40809c95d7c448162a54c</ID>
    <Logo>Images/banner.jpg</Logo>
  </Course>
  <Recording>
    <TotalDuration>16025</TotalDuration>
    <TotalSize>485529</TotalSize>
    <TotalScene>1</TotalScene>
    <TotalChapter>1</TotalChapter>
    <Chapter>
      <ID>1</ID>
      <Duration>16025</Duration>
      <SceneCount>1</SceneCount>
      <FileCount>1</FileCount>
      <MP4Source>1</MP4Source>
      <MP3Source>1</MP3Source>
      <PlaybackSource>1</PlaybackSource>
      <Media>
        <MediaFile>
          <ID>1</ID>
          <HasAudio>1</HasAudio>
          <HasVideo>1</HasVideo>
          <VideoWidth>320</VideoWidth>
          <VideoHeight>240</VideoHeight>
          <AudioBitRate>30</AudioBitRate>
          <VideoBitRate>236</VideoBitRate>
          <FrameRate>15</FrameRate>
          <KeyFrameRate>10</KeyFrameRate>
          <File>media/1.mp4</File>
          <Size>479018</Size>
        </MediaFile>
      </Media>
      <Scenes>
        <Scene>
          <ID>0</ID>
          <Title/>
          <File>index/0.jpg</File>
          <Size>6511</Size>
          <StartTime>0</StartTime>
          <EndTime>16025</EndTime>
          <Keywords/>
          <Notes/>
          <Chats/>
        </Scene>
      </Scenes>
    </Chapter>
  </Recording>
</Info>
