Go
--เพิ่มข้อมูลมาตรฐานใหม่ (ด้านเดิม)
If Not Exists(Select * From Side Where StudyYear = 2560 And DelFlag = 0)                                                                                                                      
Begin
	INSERT [dbo].[Side] ([SideCode], [StudyYear], [SideName], [Sort], [DelFlag], [CreateDate], [CreateUser], [UpdateDate], [UpdateUser], [ScoreGroupID]) VALUES (N'072c31ab-ad14-4298-86f9-e3a613f69da8', 2560, N'คุณภาพของผู้เรียน', 1, 0, CAST(0x0000A35700E3DD5F AS DateTime), N'EA5D2FE9-57DE-40F9-BCCB-7C9E708521F6', CAST(0x0000A35700E547F6 AS DateTime), N'EA5D2FE9-57DE-40F9-BCCB-7C9E708521F6', N'950E2A3C-5B5B-4A51-8613-4EC393A1F495')
	INSERT [dbo].[Side] ([SideCode], [StudyYear], [SideName], [Sort], [DelFlag], [CreateDate], [CreateUser], [UpdateDate], [UpdateUser], [ScoreGroupID]) VALUES (N'625bcf8c-f1a2-45cf-b0e9-ef61c77a6b12', 2560, N'กระบวนการบริหารและการจัดการของผู้บริหารสถานศึกษา', 2, 0, CAST(0x0000A35700E3DD5F AS DateTime), N'EA5D2FE9-57DE-40F9-BCCB-7C9E708521F6', CAST(0x0000A35700E547F6 AS DateTime), N'EA5D2FE9-57DE-40F9-BCCB-7C9E708521F6', N'950E2A3C-5B5B-4A51-8613-4EC393A1F495')
	INSERT [dbo].[Side] ([SideCode], [StudyYear], [SideName], [Sort], [DelFlag], [CreateDate], [CreateUser], [UpdateDate], [UpdateUser], [ScoreGroupID]) VALUES (N'804505d2-fe43-42c9-93d2-a7b6bee7813a', 2560, N'กระบวนการจัดการเรียนการสอนที่เน้นผู้เรียนเป็นสำคัญ', 3, 0, CAST(0x0000A35700E3DD5F AS DateTime), N'EA5D2FE9-57DE-40F9-BCCB-7C9E708521F6', CAST(0x0000A35700E547F6 AS DateTime), N'EA5D2FE9-57DE-40F9-BCCB-7C9E708521F6', N'4996ad20-57fc-4dbc-a01d-698393d7affb')
	INSERT [dbo].[Side] ([SideCode], [StudyYear], [SideName], [Sort], [DelFlag], [CreateDate], [CreateUser], [UpdateDate], [UpdateUser], [ScoreGroupID]) VALUES (N'13b7a50d-533a-4714-8cff-ceb8c2001d90', 2560, N'ระบบการประกันคุณภาพภายในที่มีประสิทธิภาพ', 4, 0, CAST(0x0000A35700E3DD5F AS DateTime), N'EA5D2FE9-57DE-40F9-BCCB-7C9E708521F6', CAST(0x0000A35700E547F6 AS DateTime), N'EA5D2FE9-57DE-40F9-BCCB-7C9E708521F6', N'4996ad20-57fc-4dbc-a01d-698393d7affb')
End

Go
If Not Exists(Select * From Standard Where StudyYear = 2560 And DelFlag = 0)                                                                                                                      
Begin
	INSERT [dbo].[Standard] ([StandardCode], [StandardName], [SideCode], [StudyYear], [Note], [Sort], [DelFlag], [CreateDate], [CreateUser], [UpdateDate], [UpdateUser], [ScoreGroupID], [HowDevelopment], [resultDevelopment], [FutureDevelopment]) VALUES 
	(N'd3947874-2c71-40aa-b340-f33f47a2c9fd', N'ผลสัมฤทธิ์ทางวิชาการของผู้เรียน', N'072c31ab-ad14-4298-86f9-e3a613f69da8', 2560, N'', 1, 0, CAST(0x00009F7C00DEEF85 AS DateTime), N'EA5D2FE9-57DE-40F9-BCCB-7C9E708521F6', CAST(0x00009F7C00DEEF86 AS DateTime), N'EA5D2FE9-57DE-40F9-BCCB-7C9E708521F6', N'4996ad20-57fc-4dbc-a01d-698393d7affb', NULL, NULL, NULL)
	INSERT [dbo].[Standard] ([StandardCode], [StandardName], [SideCode], [StudyYear], [Note], [Sort], [DelFlag], [CreateDate], [CreateUser], [UpdateDate], [UpdateUser], [ScoreGroupID], [HowDevelopment], [resultDevelopment], [FutureDevelopment]) VALUES 
	(N'951da5cc-2fa5-4fad-a445-0a6929ebcaf3', N'คุณลักษณะที่พึงประสงค์ของผู้เรียน', N'072c31ab-ad14-4298-86f9-e3a613f69da8', 2560, N'', 2, 0, CAST(0x00009F7C00DEEF85 AS DateTime), N'EA5D2FE9-57DE-40F9-BCCB-7C9E708521F6', CAST(0x00009F7C00DEEF86 AS DateTime), N'EA5D2FE9-57DE-40F9-BCCB-7C9E708521F6', N'3D9F922B-77D7-410E-8CC1-9BEA731E4F61', NULL, NULL, NULL)
	INSERT [dbo].[Standard] ([StandardCode], [StandardName], [SideCode], [StudyYear], [Note], [Sort], [DelFlag], [CreateDate], [CreateUser], [UpdateDate], [UpdateUser], [ScoreGroupID], [HowDevelopment], [resultDevelopment], [FutureDevelopment]) VALUES 
	(N'29b55e83-0d23-48af-8413-d20fddeee7d0', N'การมีเป้าหมาย วิสัยทัศน์ และพันธกิจที่สถานศึกษากำหนดชัดเจน', N'625bcf8c-f1a2-45cf-b0e9-ef61c77a6b12', 2560, N'', 3, 0, CAST(0x00009F7C00DEEF85 AS DateTime), N'EA5D2FE9-57DE-40F9-BCCB-7C9E708521F6', CAST(0x00009F7C00DEEF86 AS DateTime), N'EA5D2FE9-57DE-40F9-BCCB-7C9E708521F6', N'B434D787-CBAA-41E5-BA94-DDB60A8E3952', NULL, NULL, NULL)
	INSERT [dbo].[Standard] ([StandardCode], [StandardName], [SideCode], [StudyYear], [Note], [Sort], [DelFlag], [CreateDate], [CreateUser], [UpdateDate], [UpdateUser], [ScoreGroupID], [HowDevelopment], [resultDevelopment], [FutureDevelopment]) VALUES 
	(N'0f9ec77e-19ba-4836-b623-14d2ca21f8c9', N'การวางแผนพัฒนาคุณภาพการจัดการศึกษาของสถานศึกษา', N'625bcf8c-f1a2-45cf-b0e9-ef61c77a6b12', 2560, N'', 4, 0, CAST(0x00009F7C00DEEF85 AS DateTime), N'EA5D2FE9-57DE-40F9-BCCB-7C9E708521F6', CAST(0x00009F7C00DEEF86 AS DateTime), N'EA5D2FE9-57DE-40F9-BCCB-7C9E708521F6', N'4996ad20-57fc-4dbc-a01d-698393d7affb', NULL, NULL, NULL)
	INSERT [dbo].[Standard] ([StandardCode], [StandardName], [SideCode], [StudyYear], [Note], [Sort], [DelFlag], [CreateDate], [CreateUser], [UpdateDate], [UpdateUser], [ScoreGroupID], [HowDevelopment], [resultDevelopment], [FutureDevelopment]) VALUES 
	(N'2f30a034-5b3e-4c77-9891-2008c3f8aada', N'การมีส่วนร่วมของผู้เกี่ยวข้องทุกฝ่าย และการร่วมรับผิดชอบต่อผลการจัดการศึกษาให้มีคุณภาพและได้มาตรฐาน', N'625bcf8c-f1a2-45cf-b0e9-ef61c77a6b12', 2560, N'', 5, 0, CAST(0x00009F7C00DEEF85 AS DateTime), N'EA5D2FE9-57DE-40F9-BCCB-7C9E708521F6', CAST(0x00009F7C00DEEF86 AS DateTime), N'EA5D2FE9-57DE-40F9-BCCB-7C9E708521F6', N'8203609C-DC86-4409-9CC8-89A8AC90674A', NULL, NULL, NULL)
	INSERT [dbo].[Standard] ([StandardCode], [StandardName], [SideCode], [StudyYear], [Note], [Sort], [DelFlag], [CreateDate], [CreateUser], [UpdateDate], [UpdateUser], [ScoreGroupID], [HowDevelopment], [resultDevelopment], [FutureDevelopment]) VALUES 
	(N'0b1c4530-2a2e-4015-8c8a-d3630d910216', N'การกำกับ ติดตาม ประเมินผลการบริหารและการจัดการศึกษา', N'625bcf8c-f1a2-45cf-b0e9-ef61c77a6b12', 2560, N'', 6, 0, CAST(0x00009F7C00DEEF85 AS DateTime), N'EA5D2FE9-57DE-40F9-BCCB-7C9E708521F6', CAST(0x00009F7C00DEEF86 AS DateTime), N'EA5D2FE9-57DE-40F9-BCCB-7C9E708521F6', N'00EB2C36-B042-472F-BD5D-1DF7C57568C4', NULL, NULL, NULL)
	INSERT [dbo].[Standard] ([StandardCode], [StandardName], [SideCode], [StudyYear], [Note], [Sort], [DelFlag], [CreateDate], [CreateUser], [UpdateDate], [UpdateUser], [ScoreGroupID], [HowDevelopment], [resultDevelopment], [FutureDevelopment]) VALUES 
	(N'a83f7691-fd2d-429b-ac95-0892461f4273', N'การมีกระบวนการเรียนการสอนที่สร้างโอกาสให้ผู้เรียนทุกคนมีส่วนร่วม', N'804505d2-fe43-42c9-93d2-a7b6bee7813a', 2560, N'', 7, 0, CAST(0x00009F7C00DEEF85 AS DateTime), N'EA5D2FE9-57DE-40F9-BCCB-7C9E708521F6', CAST(0x00009F7C00DEEF86 AS DateTime), N'EA5D2FE9-57DE-40F9-BCCB-7C9E708521F6', N'4996ad20-57fc-4dbc-a01d-698393d7affb', NULL, NULL, NULL)
	INSERT [dbo].[Standard] ([StandardCode], [StandardName], [SideCode], [StudyYear], [Note], [Sort], [DelFlag], [CreateDate], [CreateUser], [UpdateDate], [UpdateUser], [ScoreGroupID], [HowDevelopment], [resultDevelopment], [FutureDevelopment]) VALUES 
	(N'ee4b9d0e-2285-4ca3-a7da-a42bd49c45e5', N'การจัดการเรียนการสอนที่ยึดโยงกับบริบทของชุมชนและท้องถิ่น', N'804505d2-fe43-42c9-93d2-a7b6bee7813a', 2560, N'', 8, 0, CAST(0x00009F7C00DEEF85 AS DateTime), N'EA5D2FE9-57DE-40F9-BCCB-7C9E708521F6', CAST(0x00009F7C00DEEF86 AS DateTime), N'EA5D2FE9-57DE-40F9-BCCB-7C9E708521F6', N'B434D787-CBAA-41E5-BA94-DDB60A8E3952', NULL, NULL, NULL)
	INSERT [dbo].[Standard] ([StandardCode], [StandardName], [SideCode], [StudyYear], [Note], [Sort], [DelFlag], [CreateDate], [CreateUser], [UpdateDate], [UpdateUser], [ScoreGroupID], [HowDevelopment], [resultDevelopment], [FutureDevelopment]) VALUES 
	(N'18818e2b-f4f0-4f88-ab7c-8e87e069d321', N'การตรวจสอบประเมินความรู้ความเข้าใจของผู้เรียนอย่างเป็นระบบ และมีประสิทธิภาพ', N'804505d2-fe43-42c9-93d2-a7b6bee7813a', 2560, N'', 9, 0, CAST(0x00009F7C00DEEF85 AS DateTime), N'EA5D2FE9-57DE-40F9-BCCB-7C9E708521F6', CAST(0x00009F7C00DEEF86 AS DateTime), N'EA5D2FE9-57DE-40F9-BCCB-7C9E708521F6', N'B434D787-CBAA-41E5-BA94-DDB60A8E3952', NULL, NULL, NULL)
	INSERT [dbo].[Standard] ([StandardCode], [StandardName], [SideCode], [StudyYear], [Note], [Sort], [DelFlag], [CreateDate], [CreateUser], [UpdateDate], [UpdateUser], [ScoreGroupID], [HowDevelopment], [resultDevelopment], [FutureDevelopment]) VALUES 
	(N'3baa7ae0-2b24-47ea-8c72-a4c6221a058d', N'การใช้ระบบการประกันคุณภาพภายในเพื่อยกระดับคุณภาพการจัดการศึกษาให้ดียิ่งขึ้น', N'13b7a50d-533a-4714-8cff-ceb8c2001d90', 2560, N'', 10, 0, CAST(0x00009F7C00DEEF85 AS DateTime), N'EA5D2FE9-57DE-40F9-BCCB-7C9E708521F6', CAST(0x00009F7C00DEEF86 AS DateTime), N'EA5D2FE9-57DE-40F9-BCCB-7C9E708521F6', N'4996ad20-57fc-4dbc-a01d-698393d7affb', NULL, NULL, NULL)
End

Go
If Not Exists(Select I.* From Standard S, Indicators I Where S.StandardCode = I.StandardCode And S.StudyYear = 2560 And I.DelFlag = 0)                                                                                                                      
Begin
	INSERT [dbo].[Indicators] ([IndicatorsCode], [StandardCode], [IndicatorsName], [Detail], [DevelopIssues], [WeightScore], [DataSource1], [DataSource2], [Sort], [DelFlag], [CreateDate], [CreateUser], [UpdateDate], [UpdateUser], [QualityFlag], [ScoreGroupID]) VALUES 
	(N'3b8f717d-e08c-424c-881c-394b2fbe9222', N'd3947874-2c71-40aa-b340-f33f47a2c9fd', N'ความสามารถในการอ่าน การเขียน การสื่อสารและการคิดคำนวณ ตามเกณฑ์ของแต่ละดับชั้น', N'', N'', 5, N'', N'', 1, 0, CAST(0x00009D7200E35798 AS DateTime), N'EA5D2FE9-57DE-40F9-BCCB-7C9E708521F6', CAST(0x00009F10012D5624 AS DateTime), N'EA5D2FE9-57DE-40F9-BCCB-7C9E708521F6', 0, N'B434D787-CBAA-41E5-BA94-DDB60A8E3952')
	INSERT [dbo].[Indicators] ([IndicatorsCode], [StandardCode], [IndicatorsName], [Detail], [DevelopIssues], [WeightScore], [DataSource1], [DataSource2], [Sort], [DelFlag], [CreateDate], [CreateUser], [UpdateDate], [UpdateUser], [QualityFlag], [ScoreGroupID]) VALUES 
	(N'951f3c80-06b2-4ee1-b4a3-2a4c3de1fb92', N'd3947874-2c71-40aa-b340-f33f47a2c9fd', N'ความสามารถในการคิดวิเคราะห์และคิดอย่างมีวิจารณญาณ อภิปรายแลกเปลี่ยนความคิดเห็นและแก้ปัญหา', N'', N'', 5, N'', N'', 2, 0, CAST(0x00009D7200E35798 AS DateTime), N'EA5D2FE9-57DE-40F9-BCCB-7C9E708521F6', CAST(0x00009F10012D5624 AS DateTime), N'EA5D2FE9-57DE-40F9-BCCB-7C9E708521F6', 0, N'B434D787-CBAA-41E5-BA94-DDB60A8E3952')
	INSERT [dbo].[Indicators] ([IndicatorsCode], [StandardCode], [IndicatorsName], [Detail], [DevelopIssues], [WeightScore], [DataSource1], [DataSource2], [Sort], [DelFlag], [CreateDate], [CreateUser], [UpdateDate], [UpdateUser], [QualityFlag], [ScoreGroupID]) VALUES 
	(N'3e1e09a1-4083-4671-ae72-8e4ba5cc927a', N'd3947874-2c71-40aa-b340-f33f47a2c9fd', N'ความสามารถในการใช้เทคโนโลยีสารสนเทศและการสื่อสาร', N'', N'', 3, N'', N'', 3, 0, CAST(0x00009D7200E35798 AS DateTime), N'EA5D2FE9-57DE-40F9-BCCB-7C9E708521F6', CAST(0x00009F10012D5624 AS DateTime), N'EA5D2FE9-57DE-40F9-BCCB-7C9E708521F6', 0, N'8203609C-DC86-4409-9CC8-89A8AC90674A')
	INSERT [dbo].[Indicators] ([IndicatorsCode], [StandardCode], [IndicatorsName], [Detail], [DevelopIssues], [WeightScore], [DataSource1], [DataSource2], [Sort], [DelFlag], [CreateDate], [CreateUser], [UpdateDate], [UpdateUser], [QualityFlag], [ScoreGroupID]) VALUES 
	(N'3c12421d-b127-45b1-b17c-6a62cbef0441', N'd3947874-2c71-40aa-b340-f33f47a2c9fd', N'ความก้าวหน้าทางการเรียนตามหลักสูตรสถานศึกษา', N'', N'', 2, N'', N'', 4, 0, CAST(0x00009D7200E35798 AS DateTime), N'EA5D2FE9-57DE-40F9-BCCB-7C9E708521F6', CAST(0x00009F10012D5624 AS DateTime), N'EA5D2FE9-57DE-40F9-BCCB-7C9E708521F6', 0, N'00EB2C36-B042-472F-BD5D-1DF7C57568C4')
	INSERT [dbo].[Indicators] ([IndicatorsCode], [StandardCode], [IndicatorsName], [Detail], [DevelopIssues], [WeightScore], [DataSource1], [DataSource2], [Sort], [DelFlag], [CreateDate], [CreateUser], [UpdateDate], [UpdateUser], [QualityFlag], [ScoreGroupID]) VALUES 
	(N'6c8cba5d-207c-4cd5-b154-aa849bc7a898', N'd3947874-2c71-40aa-b340-f33f47a2c9fd', N'ผลสัมฤทธิ์ทางการเรียนและพัฒนาการจากผลการสอบวัดระดับชาติ', N'', N'', 3, N'', N'', 5, 0, CAST(0x00009D7200E35798 AS DateTime), N'EA5D2FE9-57DE-40F9-BCCB-7C9E708521F6', CAST(0x00009F10012D5624 AS DateTime), N'EA5D2FE9-57DE-40F9-BCCB-7C9E708521F6', 0, N'8203609C-DC86-4409-9CC8-89A8AC90674A')
	INSERT [dbo].[Indicators] ([IndicatorsCode], [StandardCode], [IndicatorsName], [Detail], [DevelopIssues], [WeightScore], [DataSource1], [DataSource2], [Sort], [DelFlag], [CreateDate], [CreateUser], [UpdateDate], [UpdateUser], [QualityFlag], [ScoreGroupID]) VALUES 
	(N'031d8a24-3677-46ff-b531-e3872e2b27c9', N'd3947874-2c71-40aa-b340-f33f47a2c9fd', N'ความพร้อมในการศึกษาต่อ การฝึกงานหรือการทำงาน', N'', N'', 2, N'', N'', 6, 0, CAST(0x00009D7200E35798 AS DateTime), N'EA5D2FE9-57DE-40F9-BCCB-7C9E708521F6', CAST(0x00009F10012D5624 AS DateTime), N'EA5D2FE9-57DE-40F9-BCCB-7C9E708521F6', 0, N'00EB2C36-B042-472F-BD5D-1DF7C57568C4')
	INSERT [dbo].[Indicators] ([IndicatorsCode], [StandardCode], [IndicatorsName], [Detail], [DevelopIssues], [WeightScore], [DataSource1], [DataSource2], [Sort], [DelFlag], [CreateDate], [CreateUser], [UpdateDate], [UpdateUser], [QualityFlag], [ScoreGroupID]) VALUES 
	(N'53587cb8-8a0f-419a-b647-4fed05df4666', N'951da5cc-2fa5-4fad-a445-0a6929ebcaf3', N'การมีคุณลักษณะและค่านิยมที่ดีตามที่สถานศึกษากำหนด โดยไม่ขัดกฏหมายและวัฒนธรรมอันดีของสังคม', N'', N'', 2, N'', N'', 1, 0, CAST(0x00009D7200E35798 AS DateTime), N'EA5D2FE9-57DE-40F9-BCCB-7C9E708521F6', CAST(0x00009F10012D5624 AS DateTime), N'EA5D2FE9-57DE-40F9-BCCB-7C9E708521F6', 0, N'00EB2C36-B042-472F-BD5D-1DF7C57568C4')
	INSERT [dbo].[Indicators] ([IndicatorsCode], [StandardCode], [IndicatorsName], [Detail], [DevelopIssues], [WeightScore], [DataSource1], [DataSource2], [Sort], [DelFlag], [CreateDate], [CreateUser], [UpdateDate], [UpdateUser], [QualityFlag], [ScoreGroupID]) VALUES 
	(N'c7bd4e51-39a1-43d7-b84d-098132ef3e13', N'951da5cc-2fa5-4fad-a445-0a6929ebcaf3', N'ความภูมิใจในท้องถิ่นและความเป็นไทย', N'', N'', 3, N'', N'', 2, 0, CAST(0x00009D7200E35798 AS DateTime), N'EA5D2FE9-57DE-40F9-BCCB-7C9E708521F6', CAST(0x00009F10012D5624 AS DateTime), N'EA5D2FE9-57DE-40F9-BCCB-7C9E708521F6', 0, N'8203609C-DC86-4409-9CC8-89A8AC90674A')
	INSERT [dbo].[Indicators] ([IndicatorsCode], [StandardCode], [IndicatorsName], [Detail], [DevelopIssues], [WeightScore], [DataSource1], [DataSource2], [Sort], [DelFlag], [CreateDate], [CreateUser], [UpdateDate], [UpdateUser], [QualityFlag], [ScoreGroupID]) VALUES 
	(N'2c4b5660-eafb-43e6-971b-b0b3afee8cc8', N'951da5cc-2fa5-4fad-a445-0a6929ebcaf3', N'การยอมรับที่จะอยู่ร่วมกันบนความแตกต่างและหลากหลาย', N'', N'', 2, N'', N'', 3, 0, CAST(0x00009D7200E35798 AS DateTime), N'EA5D2FE9-57DE-40F9-BCCB-7C9E708521F6', CAST(0x00009F10012D5624 AS DateTime), N'EA5D2FE9-57DE-40F9-BCCB-7C9E708521F6', 0, N'00EB2C36-B042-472F-BD5D-1DF7C57568C4')
	INSERT [dbo].[Indicators] ([IndicatorsCode], [StandardCode], [IndicatorsName], [Detail], [DevelopIssues], [WeightScore], [DataSource1], [DataSource2], [Sort], [DelFlag], [CreateDate], [CreateUser], [UpdateDate], [UpdateUser], [QualityFlag], [ScoreGroupID]) VALUES 
	(N'dcd2d76c-c5e3-42bb-8b9b-d68a4e1f82a9', N'951da5cc-2fa5-4fad-a445-0a6929ebcaf3', N'สุขภาวะทางร่างกายและลักษณะจิตสังคม', N'', N'', 3, N'', N'', 4, 0, CAST(0x00009D7200E35798 AS DateTime), N'EA5D2FE9-57DE-40F9-BCCB-7C9E708521F6', CAST(0x00009F10012D5624 AS DateTime), N'EA5D2FE9-57DE-40F9-BCCB-7C9E708521F6', 0, N'8203609C-DC86-4409-9CC8-89A8AC90674A')
	INSERT [dbo].[Indicators] ([IndicatorsCode], [StandardCode], [IndicatorsName], [Detail], [DevelopIssues], [WeightScore], [DataSource1], [DataSource2], [Sort], [DelFlag], [CreateDate], [CreateUser], [UpdateDate], [UpdateUser], [QualityFlag], [ScoreGroupID]) VALUES 
	(N'e73cbc15-7f92-4b46-9b0e-c689f5528ad2', N'29b55e83-0d23-48af-8413-d20fddeee7d0', N'ไม่มีประเด็นย่อย', N'', N'', 5, N'', N'', 1, 0, CAST(0x00009D7200E35798 AS DateTime), N'EA5D2FE9-57DE-40F9-BCCB-7C9E708521F6', CAST(0x00009F10012D5624 AS DateTime), N'EA5D2FE9-57DE-40F9-BCCB-7C9E708521F6', 0, N'B434D787-CBAA-41E5-BA94-DDB60A8E3952')
	INSERT [dbo].[Indicators] ([IndicatorsCode], [StandardCode], [IndicatorsName], [Detail], [DevelopIssues], [WeightScore], [DataSource1], [DataSource2], [Sort], [DelFlag], [CreateDate], [CreateUser], [UpdateDate], [UpdateUser], [QualityFlag], [ScoreGroupID]) VALUES 
	(N'c3ab8f4f-59b1-4af9-9e5b-83da2597a3ad', N'0f9ec77e-19ba-4836-b623-14d2ca21f8c9', N'การวางแผนและดำเนินงานพัฒนาวิชาการที่เน้นคุณภาพของผู้เรียนรอบด้านทุกกลุ่มเป้าหมาย และดำเนินการอย่างเป็นรูปธรรม', N'', N'', 5, N'', N'', 1, 0, CAST(0x00009D7200E35798 AS DateTime), N'EA5D2FE9-57DE-40F9-BCCB-7C9E708521F6', CAST(0x00009F10012D5624 AS DateTime), N'EA5D2FE9-57DE-40F9-BCCB-7C9E708521F6', 0, N'B434D787-CBAA-41E5-BA94-DDB60A8E3952')
	INSERT [dbo].[Indicators] ([IndicatorsCode], [StandardCode], [IndicatorsName], [Detail], [DevelopIssues], [WeightScore], [DataSource1], [DataSource2], [Sort], [DelFlag], [CreateDate], [CreateUser], [UpdateDate], [UpdateUser], [QualityFlag], [ScoreGroupID]) VALUES 
	(N'dff82aa6-a63b-47da-a8c3-fbe6a8ceae85', N'0f9ec77e-19ba-4836-b623-14d2ca21f8c9', N'การวางแผนและดำเนินงานพัฒนาครูและบุคลากรให้มีความเชี่ยวชาญทางวิชาชีพ', N'', N'', 5, N'', N'', 2, 0, CAST(0x00009D7200E35798 AS DateTime), N'EA5D2FE9-57DE-40F9-BCCB-7C9E708521F6', CAST(0x00009F10012D5624 AS DateTime), N'EA5D2FE9-57DE-40F9-BCCB-7C9E708521F6', 0, N'B434D787-CBAA-41E5-BA94-DDB60A8E3952')
	INSERT [dbo].[Indicators] ([IndicatorsCode], [StandardCode], [IndicatorsName], [Detail], [DevelopIssues], [WeightScore], [DataSource1], [DataSource2], [Sort], [DelFlag], [CreateDate], [CreateUser], [UpdateDate], [UpdateUser], [QualityFlag], [ScoreGroupID]) VALUES 
	(N'b9fe34b2-9655-4c9c-8797-c11fd0b8e3c4', N'0f9ec77e-19ba-4836-b623-14d2ca21f8c9', N'การวางแผนการบริหารและการจัดการข้อมูลสารสนเทศอย่างเป็นระบบ', N'', N'', 5, N'', N'', 3, 0, CAST(0x00009D7200E35798 AS DateTime), N'EA5D2FE9-57DE-40F9-BCCB-7C9E708521F6', CAST(0x00009F10012D5624 AS DateTime), N'EA5D2FE9-57DE-40F9-BCCB-7C9E708521F6', 0, N'B434D787-CBAA-41E5-BA94-DDB60A8E3952')
	INSERT [dbo].[Indicators] ([IndicatorsCode], [StandardCode], [IndicatorsName], [Detail], [DevelopIssues], [WeightScore], [DataSource1], [DataSource2], [Sort], [DelFlag], [CreateDate], [CreateUser], [UpdateDate], [UpdateUser], [QualityFlag], [ScoreGroupID]) VALUES 
	(N'8c2bccdc-a300-43c2-87a2-06d8baef3352', N'0f9ec77e-19ba-4836-b623-14d2ca21f8c9', N'การวางแผนและจัดสภาพแวดล้อมทางกายภาพและสังคมที่เอื้อต่อการจัดการเรียนรู้อย่างมีคุณภาพ', N'', N'', 5, N'', N'', 4, 0, CAST(0x00009D7200E35798 AS DateTime), N'EA5D2FE9-57DE-40F9-BCCB-7C9E708521F6', CAST(0x00009F10012D5624 AS DateTime), N'EA5D2FE9-57DE-40F9-BCCB-7C9E708521F6', 0, N'B434D787-CBAA-41E5-BA94-DDB60A8E3952')
	INSERT [dbo].[Indicators] ([IndicatorsCode], [StandardCode], [IndicatorsName], [Detail], [DevelopIssues], [WeightScore], [DataSource1], [DataSource2], [Sort], [DelFlag], [CreateDate], [CreateUser], [UpdateDate], [UpdateUser], [QualityFlag], [ScoreGroupID]) VALUES 
	(N'f3b18886-5940-4841-b0c3-09d457ab58b4', N'2f30a034-5b3e-4c77-9891-2008c3f8aada', N'ไม่มีประเด็นย่อย', N'', N'', 3, N'', N'', 1, 0, CAST(0x00009D7200E35798 AS DateTime), N'EA5D2FE9-57DE-40F9-BCCB-7C9E708521F6', CAST(0x00009F10012D5624 AS DateTime), N'EA5D2FE9-57DE-40F9-BCCB-7C9E708521F6', 0, N'8203609C-DC86-4409-9CC8-89A8AC90674A')
	INSERT [dbo].[Indicators] ([IndicatorsCode], [StandardCode], [IndicatorsName], [Detail], [DevelopIssues], [WeightScore], [DataSource1], [DataSource2], [Sort], [DelFlag], [CreateDate], [CreateUser], [UpdateDate], [UpdateUser], [QualityFlag], [ScoreGroupID]) VALUES 
	(N'329eb992-232a-4237-9b57-67abe1481bac', N'0b1c4530-2a2e-4015-8c8a-d3630d910216', N'ไม่มีประเด็นย่อย', N'', N'', 2, N'', N'', 1, 0, CAST(0x00009D7200E35798 AS DateTime), N'EA5D2FE9-57DE-40F9-BCCB-7C9E708521F6', CAST(0x00009F10012D5624 AS DateTime), N'EA5D2FE9-57DE-40F9-BCCB-7C9E708521F6', 0, N'00EB2C36-B042-472F-BD5D-1DF7C57568C4')
	INSERT [dbo].[Indicators] ([IndicatorsCode], [StandardCode], [IndicatorsName], [Detail], [DevelopIssues], [WeightScore], [DataSource1], [DataSource2], [Sort], [DelFlag], [CreateDate], [CreateUser], [UpdateDate], [UpdateUser], [QualityFlag], [ScoreGroupID]) VALUES 
	(N'ae07d5ef-f193-4c5c-aa3d-cda2b80469a9', N'a83f7691-fd2d-429b-ac95-0892461f4273', N'ไม่มีประเด็นย่อย', N'', N'', 10, N'', N'', 1, 0, CAST(0x00009D7200E35798 AS DateTime), N'EA5D2FE9-57DE-40F9-BCCB-7C9E708521F6', CAST(0x00009F10012D5624 AS DateTime), N'EA5D2FE9-57DE-40F9-BCCB-7C9E708521F6', 0, N'3D9F922B-77D7-410E-8CC1-9BEA731E4F61')
	INSERT [dbo].[Indicators] ([IndicatorsCode], [StandardCode], [IndicatorsName], [Detail], [DevelopIssues], [WeightScore], [DataSource1], [DataSource2], [Sort], [DelFlag], [CreateDate], [CreateUser], [UpdateDate], [UpdateUser], [QualityFlag], [ScoreGroupID]) VALUES 
	(N'dc3ebdc5-129e-43bf-a7c3-46aaa9f6a6e1', N'ee4b9d0e-2285-4ca3-a7da-a42bd49c45e5', N'ไม่มีประเด็นย่อย', N'', N'', 5, N'', N'', 1, 0, CAST(0x00009D7200E35798 AS DateTime), N'EA5D2FE9-57DE-40F9-BCCB-7C9E708521F6', CAST(0x00009F10012D5624 AS DateTime), N'EA5D2FE9-57DE-40F9-BCCB-7C9E708521F6', 0, N'B434D787-CBAA-41E5-BA94-DDB60A8E3952')
	INSERT [dbo].[Indicators] ([IndicatorsCode], [StandardCode], [IndicatorsName], [Detail], [DevelopIssues], [WeightScore], [DataSource1], [DataSource2], [Sort], [DelFlag], [CreateDate], [CreateUser], [UpdateDate], [UpdateUser], [QualityFlag], [ScoreGroupID]) VALUES 
	(N'105f8855-c5fe-43a0-96e8-c2ea1acd4822', N'18818e2b-f4f0-4f88-ab7c-8e87e069d321', N'ไม่มีประเด็นย่อย', N'', N'', 5, N'', N'', 1, 0, CAST(0x00009D7200E35798 AS DateTime), N'EA5D2FE9-57DE-40F9-BCCB-7C9E708521F6', CAST(0x00009F10012D5624 AS DateTime), N'EA5D2FE9-57DE-40F9-BCCB-7C9E708521F6', 0, N'B434D787-CBAA-41E5-BA94-DDB60A8E3952')
	INSERT [dbo].[Indicators] ([IndicatorsCode], [StandardCode], [IndicatorsName], [Detail], [DevelopIssues], [WeightScore], [DataSource1], [DataSource2], [Sort], [DelFlag], [CreateDate], [CreateUser], [UpdateDate], [UpdateUser], [QualityFlag], [ScoreGroupID]) VALUES 
	(N'858e4708-b94c-4d94-af94-ba649a346eaa', N'3baa7ae0-2b24-47ea-8c72-a4c6221a058d', N'ไม่มีประเด็นย่อย', N'', N'', 20, N'', N'', 1, 0, CAST(0x00009D7200E35798 AS DateTime), N'EA5D2FE9-57DE-40F9-BCCB-7C9E708521F6', CAST(0x00009F10012D5624 AS DateTime), N'EA5D2FE9-57DE-40F9-BCCB-7C9E708521F6', 0, N'4996ad20-57fc-4dbc-a01d-698393d7affb')
End